<?xml version="1.0" encoding="UTF-8" standalone="yes"?>
<addon id="plugin.program.tvsupertugamanutencao"
       name="TVsupertuga Manutencao"
       version="0.0.3"
       provider-name="team tvsupertuga">
  <requires>
    <import addon="xbmc.python" version="2.1.0"/>
  </requires>
 	<extension point="xbmc.python.pluginsource" library="default.py">
		<provides>executable</provides>
	</extension> 
  <extension point="xbmc.service" library="service.py" start="startup" />
  <extension point="xbmc.addon.metadata">
    <platform>all</platform>
    <summary>Manutenção</summary>
    <description>Sua ferramenta para limpar seu dispositivo.</description>
    <language></language>
    <license></license>
    <source></source>
    <forum></forum>
    <website></website>
  </extension>
</addon>
